Sample,Population
R2,Portola
R4,Portola
R6,Portola
T1,Portola
T3,Portola
B6,Portola
M4,Portola
M3,Portola
C3,Portola
N1,Portola
I3,Portola
E3,Portola
J2,Portola
K1,Portola
A4,Portola
C10,Portola
F4,Portola
B8,Portola
G1,Portola
R7,Portola
K2,Portola
C1,Portola
L2,Portola
C2,Portola
G2,Portola
S4,Portola
G4,Portola
O4,Portola
R3,Portola
S1,Portola
O2,Portola
F2,Portola
C6,Portola
U1,Portola
P1,Portola
200,Portola
L1,Portola
S3,Portola
B9,Portola
H3,Portola
H4,Portola
S2,Portola
B7,Portola
B4,Portola
O1,Portola
A3,Portola
A1,Portola
C8,Portola
B10,Portola
B1,Portola
S5,Portola
201,Portola
A5,Portola
M1,Portola
O3,Portola
C7,Portola
B3,Portola
1,Little Sur 1
2,Little Sur 1
3,Little Sur 1
4,Little Sur 1
5,Little Sur 1
6,Little Sur 1
7,Little Sur 1
8,Little Sur 1
13,Little Sur 1
14,Little Sur 1
15,Little Sur 1
16,Little Sur 1
17,Little Sur 1
18,Little Sur 1
19,Little Sur 1
20,Little Sur 1
21,Little Sur 1
23,Little Sur 1
24,Little Sur 1
25,Little Sur 1
26,Little Sur 1
27,Little Sur 1
28,Little Sur 1
29,Little Sur 1
30,Little Sur 1
31,Little Sur 1
32,Little Sur 1
33,Little Sur 1
34,Little Sur 1
35,Little Sur 1
36,Little Sur 1
37,Little Sur 1
39,Little Sur 1
40,Little Sur 1
41,Little Sur 1
43,Little Sur 1
46,Little Sur 1
47,Little Sur 1
49,Little Sur 2
50,Little Sur 2
51,Little Sur 2
52,Little Sur 2
53,Little Sur 2
54,Little Sur 2
56,Little Sur 2
57,Little Sur 2
58,Little Sur 2
59,Little Sur 2
61,Little Sur 2
62,Little Sur 2
63,Little Sur 2
64,Little Sur 2
65,Little Sur 2
69,Little Sur 2
70,Little Sur 2
73,Little Sur 2
80,Little Sur 2
82,Little Sur 2
86,Little Sur 2
88,Little Sur 2
89,Little Sur 2
